{"name":"lastmovie-ru","targetUrl":"https://app.lastmovie.ru","counter":false,"bounce":false,"width":1280,"height":800,"minWidth":0,"minHeight":0,"showMenuBar":false,"fastQuit":false,"userAgent":"Mozilla/5.0 (Windows NT 10.0; Win64; x64; rv:99.0) Gecko/20100101 Firefox/99.0 CinemaPress App","nativefierVersion":"7.7.0","ignoreCertificate":true,"disableGpu":false,"ignoreGpuBlacklist":false,"enableEs3Apis":false,"insecure":true,"flashPluginDir":null,"diskCacheSize":null,"fullScreen":false,"maximize":false,"disableContextMenu":true,"disableDevTools":true,"zoom":1,"internalUrls":".*","proxyRules":null,"singleInstance":true,"clearCache":false,"appCopyright":"CinemaPress App","appVersion":"4.0.1","win32metadata":{"CompanyName":"lastmovie.ru","FileDescription":"lastmovie.ru","OriginalFilename":"lastmovie.ru","ProductName":"lastmovie.ru","InternalName":"lastmovie.ru"},"tray":false,"basicAuthUsername":null,"basicAuthPassword":null,"alwaysOnTop":false,"titleBarStyle":null,"globalShortcuts":null,"backgroundColor":"#1a2035","darwinDarkModeSupport":true}